journey_id,train_no,segment,station_from,station_to,day_of_week,time_of_day,season,weather_flag,trains_ahead,delay_at_entry,delay_at_exit
1,13028,NHT-RPH,NHT,RPH,2,525.62,winter,clear,3,0.0,4.03
1,13028,RPH-SNT,RPH,SNT,2,552.47,winter,clear,3,4.03,10.25
1,13028,SNT-AMP,SNT,AMP,2,576.04,winter,clear,3,10.25,11.75
1,13028,AMP-BHP,AMP,BHP,2,592.03,winter,clear,3,11.75,13.33
1,13028,BHP-BWN,BHP,BWN,2,606.75,winter,clear,3,13.33,19.65
1,13028,BWN-BDC,BWN,BDC,2,687.45,winter,clear,3,19.65,26.95
1,13028,BDC-HWH,BDC,HWH,2,759.9,winter,clear,3,26.95,25.2
2,13028,NHT-RPH,NHT,RPH,6,526.43,autumn,clear,1,0.0,5.5
2,13028,RPH-SNT,RPH,SNT,6,548.92,autumn,clear,1,5.5,9.82
2,13028,SNT-AMP,SNT,AMP,6,575.59,autumn,clear,1,9.82,11.92
2,13028,AMP-BHP,AMP,BHP,6,584.42,autumn,clear,1,11.92,11.32
2,13028,BHP-BWN,BHP,BWN,6,604.67,autumn,clear,1,11.32,9.25
2,13028,BWN-BDC,BWN,BDC,6,688.09,autumn,clear,1,9.25,15.46
2,13028,BDC-HWH,BDC,HWH,6,755.94,autumn,clear,1,15.46,23.29
3,13028,NHT-RPH,NHT,RPH,4,526.64,monsoon,cloudy,1,6.1,14.16
3,13028,RPH-SNT,RPH,SNT,4,555.65,monsoon,cloudy,1,14.16,18.86
3,13028,SNT-AMP,SNT,AMP,4,571.32,monsoon,cloudy,1,18.86,22.68
3,13028,AMP-BHP,AMP,BHP,4,588.99,monsoon,cloudy,1,22.68,21.26
3,13028,BHP-BWN,BHP,BWN,4,604.85,monsoon,cloudy,1,21.26,26.69
3,13028,BWN-BDC,BWN,BDC,4,688.38,monsoon,cloudy,1,26.69,34.09
3,13028,BDC-HWH,BDC,HWH,4,762.88,monsoon,cloudy,1,34.09,42.03
4,13028,NHT-RPH,NHT,RPH,4,525.4,winter,rain,4,0.0,6.24
4,13028,RPH-SNT,RPH,SNT,4,557.25,winter,rain,4,6.24,13.77
4,13028,SNT-AMP,SNT,AMP,4,574.9,winter,rain,4,13.77,20.6
4,13028,AMP-BHP,AMP,BHP,4,587.35,winter,rain,4,20.6,22.94
4,13028,BHP-BWN,BHP,BWN,4,607.77,winter,rain,4,22.94,33.14
4,13028,BWN-BDC,BWN,BDC,4,689.31,winter,rain,4,33.14,38.37
4,13028,BDC-HWH,BDC,HWH,4,760.86,winter,rain,4,38.37,43.64
5,13028,NHT-RPH,NHT,RPH,1,527.53,monsoon,clear,3,4.25,7.45
5,13028,RPH-SNT,RPH,SNT,1,552.77,monsoon,clear,3,7.45,13.77
5,13028,SNT-AMP,SNT,AMP,1,576.69,monsoon,clear,3,13.77,16.07
5,13028,AMP-BHP,AMP,BHP,1,588.55,monsoon,clear,3,16.07,19.99
5,13028,BHP-BWN,BHP,BWN,1,609.27,monsoon,clear,3,19.99,25.93
5,13028,BWN-BDC,BWN,BDC,1,689.03,monsoon,clear,3,25.93,31.2
5,13028,BDC-HWH,BDC,HWH,1,762.91,monsoon,clear,3,31.2,34.93
6,13028,NHT-RPH,NHT,RPH,6,526.18,summer,clear,4,6.88,6.49
6,13028,RPH-SNT,RPH,SNT,6,554.93,summer,clear,4,6.49,11.49
6,13028,SNT-AMP,SNT,AMP,6,573.0,summer,clear,4,11.49,15.32
6,13028,AMP-BHP,AMP,BHP,6,592.21,summer,clear,4,15.32,16.81
6,13028,BHP-BWN,BHP,BWN,6,605.35,summer,clear,4,16.81,21.13
6,13028,BWN-BDC,BWN,BDC,6,691.16,summer,clear,4,21.13,29.87
6,13028,BDC-HWH,BDC,HWH,6,761.52,summer,clear,4,29.87,38.59
7,13028,NHT-RPH,NHT,RPH,3,524.05,autumn,clear,2,6.59,8.04
7,13028,RPH-SNT,RPH,SNT,3,553.33,autumn,clear,2,8.04,13.72
7,13028,SNT-AMP,SNT,AMP,3,574.12,autumn,clear,2,13.72,15.21
7,13028,AMP-BHP,AMP,BHP,3,587.4,autumn,clear,2,15.21,20.88
7,13028,BHP-BWN,BHP,BWN,3,607.4,autumn,clear,2,20.88,26.54
7,13028,BWN-BDC,BWN,BDC,3,690.95,autumn,clear,2,26.54,32.1
7,13028,BDC-HWH,BDC,HWH,3,756.69,autumn,clear,2,32.1,34.18
8,13028,NHT-RPH,NHT,RPH,6,527.66,summer,rain,3,0.0,2.84
8,13028,RPH-SNT,RPH,SNT,6,552.74,summer,rain,3,2.84,6.2
8,13028,SNT-AMP,SNT,AMP,6,576.23,summer,rain,3,6.2,7.32
8,13028,AMP-BHP,AMP,BHP,6,587.74,summer,rain,3,7.32,8.4
8,13028,BHP-BWN,BHP,BWN,6,606.62,summer,rain,3,8.4,13.51
8,13028,BWN-BDC,BWN,BDC,6,689.51,summer,rain,3,13.51,26.79
8,13028,BDC-HWH,BDC,HWH,6,758.56,summer,rain,3,26.79,25.17
9,13028,NHT-RPH,NHT,RPH,3,525.17,summer,rain,0,1.24,5.46
9,13028,RPH-SNT,RPH,SNT,3,548.77,summer,rain,0,5.46,12.4
9,13028,SNT-AMP,SNT,AMP,3,575.4,summer,rain,0,12.4,11.33
9,13028,AMP-BHP,AMP,BHP,3,587.35,summer,rain,0,11.33,15.73
9,13028,BHP-BWN,BHP,BWN,3,607.14,summer,rain,0,15.73,25.08
9,13028,BWN-BDC,BWN,BDC,3,690.77,summer,rain,0,25.08,29.3
9,13028,BDC-HWH,BDC,HWH,3,762.55,summer,rain,0,29.3,30.4
10,13028,NHT-RPH,NHT,RPH,4,525.22,autumn,clear,3,0.0,2.56
10,13028,RPH-SNT,RPH,SNT,4,551.8,autumn,clear,3,2.56,8.44
10,13028,SNT-AMP,SNT,AMP,4,576.74,autumn,clear,3,8.44,6.16
10,13028,AMP-BHP,AMP,BHP,4,588.8,autumn,clear,3,6.16,7.52
10,13028,BHP-BWN,BHP,BWN,4,607.75,autumn,clear,3,7.52,14.98
10,13028,BWN-BDC,BWN,BDC,4,690.1,autumn,clear,3,14.98,22.22
10,13028,BDC-HWH,BDC,HWH,4,762.62,autumn,clear,3,22.22,29.04
11,13028,NHT-RPH,NHT,RPH,2,525.18,autumn,rain,2,4.01,10.69
11,13028,RPH-SNT,RPH,SNT,2,554.66,autumn,rain,2,10.69,14.05
11,13028,SNT-AMP,SNT,AMP,2,574.75,autumn,rain,2,14.05,14.84
11,13028,AMP-BHP,AMP,BHP,2,588.36,autumn,rain,2,14.84,17.83
11,13028,BHP-BWN,BHP,BWN,2,606.23,autumn,rain,2,17.83,18.95
11,13028,BWN-BDC,BWN,BDC,2,687.7,autumn,rain,2,18.95,28.62
11,13028,BDC-HWH,BDC,HWH,2,764.23,autumn,rain,2,28.62,29.33
12,13028,NHT-RPH,NHT,RPH,6,525.0,summer,clear,3,10.42,9.36
12,13028,RPH-SNT,RPH,SNT,6,554.85,summer,clear,3,9.36,11.05
12,13028,SNT-AMP,SNT,AMP,6,571.88,summer,clear,3,11.05,15.77
12,13028,AMP-BHP,AMP,BHP,6,583.97,summer,clear,3,15.77,17.73
12,13028,BHP-BWN,BHP,BWN,6,605.44,summer,clear,3,17.73,22.03
12,13028,BWN-BDC,BWN,BDC,6,689.24,summer,clear,3,22.03,29.72
12,13028,BDC-HWH,BDC,HWH,6,759.68,summer,clear,3,29.72,30.6
13,13028,NHT-RPH,NHT,RPH,3,528.42,monsoon,clear,3,10.89,17.2
13,13028,RPH-SNT,RPH,SNT,3,552.32,monsoon,clear,3,17.2,15.36
13,13028,SNT-AMP,SNT,AMP,3,577.52,monsoon,clear,3,15.36,15.07
13,13028,AMP-BHP,AMP,BHP,3,585.99,monsoon,clear,3,15.07,17.56
13,13028,BHP-BWN,BHP,BWN,3,604.89,monsoon,clear,3,17.56,23.19
13,13028,BWN-BDC,BWN,BDC,3,688.8,monsoon,clear,3,23.19,29.6
13,13028,BDC-HWH,BDC,HWH,3,761.63,monsoon,clear,3,29.6,30.83
14,13028,NHT-RPH,NHT,RPH,5,525.02,monsoon,clear,0,1.74,4.92
14,13028,RPH-SNT,RPH,SNT,5,551.56,monsoon,clear,0,4.92,9.6
14,13028,SNT-AMP,SNT,AMP,5,574.5,monsoon,clear,0,9.6,9.64
14,13028,AMP-BHP,AMP,BHP,5,589.07,monsoon,clear,0,9.64,9.76
14,13028,BHP-BWN,BHP,BWN,5,607.02,monsoon,clear,0,9.76,19.11
14,13028,BWN-BDC,BWN,BDC,5,691.39,monsoon,clear,0,19.11,25.16
14,13028,BDC-HWH,BDC,HWH,5,763.6,monsoon,clear,0,25.16,30.92
15,13028,NHT-RPH,NHT,RPH,1,527.6,monsoon,clear,1,7.38,11.78
15,13028,RPH-SNT,RPH,SNT,1,552.03,monsoon,clear,1,11.78,13.96
15,13028,SNT-AMP,SNT,AMP,1,576.86,monsoon,clear,1,13.96,13.1
15,13028,AMP-BHP,AMP,BHP,1,587.49,monsoon,clear,1,13.1,19.69
15,13028,BHP-BWN,BHP,BWN,1,609.76,monsoon,clear,1,19.69,24.14
15,13028,BWN-BDC,BWN,BDC,1,681.92,monsoon,clear,1,24.14,30.45
15,13028,BDC-HWH,BDC,HWH,1,764.27,monsoon,clear,1,30.45,35.06
16,13028,NHT-RPH,NHT,RPH,1,528.62,summer,clear,1,10.19,11.5
16,13028,RPH-SNT,RPH,SNT,1,558.08,summer,clear,1,11.5,14.6
16,13028,SNT-AMP,SNT,AMP,1,577.19,summer,clear,1,14.6,15.58
16,13028,AMP-BHP,AMP,BHP,1,584.53,summer,clear,1,15.58,16.32
16,13028,BHP-BWN,BHP,BWN,1,605.33,summer,clear,1,16.32,18.45
16,13028,BWN-BDC,BWN,BDC,1,691.52,summer,clear,1,18.45,20.94
16,13028,BDC-HWH,BDC,HWH,1,759.1,summer,clear,1,20.94,26.84
17,13028,NHT-RPH,NHT,RPH,3,529.44,summer,clear,2,0.0,0.93
17,13028,RPH-SNT,RPH,SNT,3,546.98,summer,clear,2,0.93,4.69
17,13028,SNT-AMP,SNT,AMP,3,575.71,summer,clear,2,4.69,5.26
17,13028,AMP-BHP,AMP,BHP,3,587.54,summer,clear,2,5.26,9.52
17,13028,BHP-BWN,BHP,BWN,3,607.58,summer,clear,2,9.52,15.53
17,13028,BWN-BDC,BWN,BDC,3,691.02,summer,clear,2,15.53,20.91
17,13028,BDC-HWH,BDC,HWH,3,762.26,summer,clear,2,20.91,25.16
18,13028,NHT-RPH,NHT,RPH,6,529.38,winter,cloudy,2,4.49,6.16
18,13028,RPH-SNT,RPH,SNT,6,553.47,winter,cloudy,2,6.16,8.68
18,13028,SNT-AMP,SNT,AMP,6,573.78,winter,cloudy,2,8.68,11.32
18,13028,AMP-BHP,AMP,BHP,6,585.86,winter,cloudy,2,11.32,14.0
18,13028,BHP-BWN,BHP,BWN,6,611.76,winter,cloudy,2,14.0,22.69
18,13028,BWN-BDC,BWN,BDC,6,687.19,winter,cloudy,2,22.69,26.29
18,13028,BDC-HWH,BDC,HWH,6,759.8,winter,cloudy,2,26.29,30.84
19,13028,NHT-RPH,NHT,RPH,3,524.95,autumn,clear,1,6.49,11.3
19,13028,RPH-SNT,RPH,SNT,3,550.38,autumn,clear,1,11.3,12.54
19,13028,SNT-AMP,SNT,AMP,3,573.85,autumn,clear,1,12.54,15.55
19,13028,AMP-BHP,AMP,BHP,3,587.33,autumn,clear,1,15.55,18.87
19,13028,BHP-BWN,BHP,BWN,3,606.82,autumn,clear,1,18.87,23.17
19,13028,BWN-BDC,BWN,BDC,3,689.77,autumn,clear,1,23.17,25.79
19,13028,BDC-HWH,BDC,HWH,3,757.7,autumn,clear,1,25.79,24.04
20,13028,NHT-RPH,NHT,RPH,1,527.95,autumn,rain,3,2.62,5.29
20,13028,RPH-SNT,RPH,SNT,1,551.24,autumn,rain,3,5.29,13.95
20,13028,SNT-AMP,SNT,AMP,1,573.78,autumn,rain,3,13.95,16.71
20,13028,AMP-BHP,AMP,BHP,1,588.22,autumn,rain,3,16.71,20.88
20,13028,BHP-BWN,BHP,BWN,1,604.3,autumn,rain,3,20.88,25.21
20,13028,BWN-BDC,BWN,BDC,1,687.16,autumn,rain,3,25.21,32.5
20,13028,BDC-HWH,BDC,HWH,1,761.52,autumn,rain,3,32.5,38.5
21,13028,NHT-RPH,NHT,RPH,1,525.47,summer,clear,1,5.76,5.05
21,13028,RPH-SNT,RPH,SNT,1,553.21,summer,clear,1,5.05,8.07
21,13028,SNT-AMP,SNT,AMP,1,573.95,summer,clear,1,8.07,7.93
21,13028,AMP-BHP,AMP,BHP,1,582.15,summer,clear,1,7.93,14.88
21,13028,BHP-BWN,BHP,BWN,1,609.58,summer,clear,1,14.88,20.9
21,13028,BWN-BDC,BWN,BDC,1,687.64,summer,clear,1,20.9,27.64
21,13028,BDC-HWH,BDC,HWH,1,763.3,summer,clear,1,27.64,33.96
22,13028,NHT-RPH,NHT,RPH,3,525.39,summer,rain,1,0.56,6.7
22,13028,RPH-SNT,RPH,SNT,3,554.57,summer,rain,1,6.7,12.85
22,13028,SNT-AMP,SNT,AMP,3,577.29,summer,rain,1,12.85,12.6
22,13028,AMP-BHP,AMP,BHP,3,591.69,summer,rain,1,12.6,15.58
22,13028,BHP-BWN,BHP,BWN,3,606.46,summer,rain,1,15.58,25.71
22,13028,BWN-BDC,BWN,BDC,3,687.69,summer,rain,1,25.71,32.88
22,13028,BDC-HWH,BDC,HWH,3,764.56,summer,rain,1,32.88,38.64
23,13028,NHT-RPH,NHT,RPH,5,527.63,autumn,clear,2,6.81,4.94
23,13028,RPH-SNT,RPH,SNT,5,553.21,autumn,clear,2,4.94,8.71
23,13028,SNT-AMP,SNT,AMP,5,570.32,autumn,clear,2,8.71,12.84
23,13028,AMP-BHP,AMP,BHP,5,587.1,autumn,clear,2,12.84,15.39
23,13028,BHP-BWN,BHP,BWN,5,607.58,autumn,clear,2,15.39,20.76
23,13028,BWN-BDC,BWN,BDC,5,683.93,autumn,clear,2,20.76,20.48
23,13028,BDC-HWH,BDC,HWH,5,761.96,autumn,clear,2,20.48,21.69
24,13028,NHT-RPH,NHT,RPH,5,524.75,autumn,cloudy,4,6.03,12.12
24,13028,RPH-SNT,RPH,SNT,5,548.8,autumn,cloudy,4,12.12,16.17
24,13028,SNT-AMP,SNT,AMP,5,574.11,autumn,cloudy,4,16.17,17.68
24,13028,AMP-BHP,AMP,BHP,5,585.65,autumn,cloudy,4,17.68,19.7
24,13028,BHP-BWN,BHP,BWN,5,607.43,autumn,cloudy,4,19.7,22.89
24,13028,BWN-BDC,BWN,BDC,5,688.2,autumn,cloudy,4,22.89,31.39
24,13028,BDC-HWH,BDC,HWH,5,762.52,autumn,cloudy,4,31.39,34.15
25,13028,NHT-RPH,NHT,RPH,2,525.03,winter,cloudy,2,11.34,13.07
25,13028,RPH-SNT,RPH,SNT,2,551.89,winter,cloudy,2,13.07,19.32
25,13028,SNT-AMP,SNT,AMP,2,571.62,winter,cloudy,2,19.32,20.28
25,13028,AMP-BHP,AMP,BHP,2,590.31,winter,cloudy,2,20.28,23.3
25,13028,BHP-BWN,BHP,BWN,2,605.37,winter,cloudy,2,23.3,25.85
25,13028,BWN-BDC,BWN,BDC,2,688.73,winter,cloudy,2,25.85,33.09
25,13028,BDC-HWH,BDC,HWH,2,757.58,winter,cloudy,2,33.09,33.97
26,13028,NHT-RPH,NHT,RPH,2,526.1,winter,clear,5,0.0,5.04
26,13028,RPH-SNT,RPH,SNT,2,551.53,winter,clear,5,5.04,11.37
26,13028,SNT-AMP,SNT,AMP,2,575.6,winter,clear,5,11.37,13.65
26,13028,AMP-BHP,AMP,BHP,2,587.89,winter,clear,5,13.65,17.81
26,13028,BHP-BWN,BHP,BWN,2,610.92,winter,clear,5,17.81,22.31
26,13028,BWN-BDC,BWN,BDC,2,692.67,winter,clear,5,22.31,30.38
26,13028,BDC-HWH,BDC,HWH,2,761.86,winter,clear,5,30.38,36.61
27,13028,NHT-RPH,NHT,RPH,4,528.07,summer,clear,2,4.05,5.64
27,13028,RPH-SNT,RPH,SNT,4,552.22,summer,clear,2,5.64,11.94
27,13028,SNT-AMP,SNT,AMP,4,575.12,summer,clear,2,11.94,9.13
27,13028,AMP-BHP,AMP,BHP,4,588.1,summer,clear,2,9.13,12.16
27,13028,BHP-BWN,BHP,BWN,4,605.73,summer,clear,2,12.16,17.72
27,13028,BWN-BDC,BWN,BDC,4,683.7,summer,clear,2,17.72,22.57
27,13028,BDC-HWH,BDC,HWH,4,763.18,summer,clear,2,22.57,28.28
28,13028,NHT-RPH,NHT,RPH,3,527.37,winter,clear,1,9.69,9.74
28,13028,RPH-SNT,RPH,SNT,3,551.69,winter,clear,1,9.74,11.81
28,13028,SNT-AMP,SNT,AMP,3,575.15,winter,clear,1,11.81,15.22
28,13028,AMP-BHP,AMP,BHP,3,586.33,winter,clear,1,15.22,19.7
28,13028,BHP-BWN,BHP,BWN,3,606.28,winter,clear,1,19.7,23.76
28,13028,BWN-BDC,BWN,BDC,3,685.82,winter,clear,1,23.76,25.18
28,13028,BDC-HWH,BDC,HWH,3,761.58,winter,clear,1,25.18,29.59
29,13028,NHT-RPH,NHT,RPH,6,523.01,summer,rain,3,7.23,10.91
29,13028,RPH-SNT,RPH,SNT,6,550.8,summer,rain,3,10.91,14.19
29,13028,SNT-AMP,SNT,AMP,6,573.75,summer,rain,3,14.19,16.0
29,13028,AMP-BHP,AMP,BHP,6,588.08,summer,rain,3,16.0,21.02
29,13028,BHP-BWN,BHP,BWN,6,606.67,summer,rain,3,21.02,21.29
29,13028,BWN-BDC,BWN,BDC,6,688.48,summer,rain,3,21.29,32.26
29,13028,BDC-HWH,BDC,HWH,6,761.03,summer,rain,3,32.26,35.52
30,13028,NHT-RPH,NHT,RPH,6,528.28,summer,clear,3,3.29,5.3
30,13028,RPH-SNT,RPH,SNT,6,550.21,summer,clear,3,5.3,10.39
30,13028,SNT-AMP,SNT,AMP,6,575.05,summer,clear,3,10.39,11.53
30,13028,AMP-BHP,AMP,BHP,6,590.57,summer,clear,3,11.53,10.98
30,13028,BHP-BWN,BHP,BWN,6,609.55,summer,clear,3,10.98,14.81
30,13028,BWN-BDC,BWN,BDC,6,687.82,summer,clear,3,14.81,19.36
30,13028,BDC-HWH,BDC,HWH,6,764.96,summer,clear,3,19.36,31.04
31,13028,NHT-RPH,NHT,RPH,5,529.76,summer,cloudy,1,9.69,12.61
31,13028,RPH-SNT,RPH,SNT,5,550.83,summer,cloudy,1,12.61,16.51
31,13028,SNT-AMP,SNT,AMP,5,576.51,summer,cloudy,1,16.51,15.96
31,13028,AMP-BHP,AMP,BHP,5,588.01,summer,cloudy,1,15.96,21.66
31,13028,BHP-BWN,BHP,BWN,5,607.49,summer,cloudy,1,21.66,29.1
31,13028,BWN-BDC,BWN,BDC,5,686.51,summer,cloudy,1,29.1,34.43
31,13028,BDC-HWH,BDC,HWH,5,762.81,summer,cloudy,1,34.43,36.53
32,13028,NHT-RPH,NHT,RPH,2,526.58,winter,clear,3,8.99,13.63
32,13028,RPH-SNT,RPH,SNT,2,552.99,winter,clear,3,13.63,18.11
32,13028,SNT-AMP,SNT,AMP,2,573.53,winter,clear,3,18.11,19.51
32,13028,AMP-BHP,AMP,BHP,2,589.18,winter,clear,3,19.51,21.93
32,13028,BHP-BWN,BHP,BWN,2,606.48,winter,clear,3,21.93,26.61
32,13028,BWN-BDC,BWN,BDC,2,689.7,winter,clear,3,26.61,25.33
32,13028,BDC-HWH,BDC,HWH,2,762.7,winter,clear,3,25.33,30.02
33,13028,NHT-RPH,NHT,RPH,0,527.63,monsoon,clear,1,7.89,10.1
33,13028,RPH-SNT,RPH,SNT,0,550.97,monsoon,clear,1,10.1,16.18
33,13028,SNT-AMP,SNT,AMP,0,573.92,monsoon,clear,1,16.18,14.95
33,13028,AMP-BHP,AMP,BHP,0,590.91,monsoon,clear,1,14.95,14.72
33,13028,BHP-BWN,BHP,BWN,0,608.76,monsoon,clear,1,14.72,17.53
33,13028,BWN-BDC,BWN,BDC,0,683.87,monsoon,clear,1,17.53,23.08
33,13028,BDC-HWH,BDC,HWH,0,763.25,monsoon,clear,1,23.08,24.08
34,13028,NHT-RPH,NHT,RPH,4,525.79,monsoon,cloudy,1,2.7,6.03
34,13028,RPH-SNT,RPH,SNT,4,549.92,monsoon,cloudy,1,6.03,12.71
34,13028,SNT-AMP,SNT,AMP,4,577.26,monsoon,cloudy,1,12.71,17.11
34,13028,AMP-BHP,AMP,BHP,4,587.32,monsoon,cloudy,1,17.11,24.45
34,13028,BHP-BWN,BHP,BWN,4,607.96,monsoon,cloudy,1,24.45,28.03
34,13028,BWN-BDC,BWN,BDC,4,687.58,monsoon,cloudy,1,28.03,30.68
34,13028,BDC-HWH,BDC,HWH,4,761.39,monsoon,cloudy,1,30.68,38.49
35,13028,NHT-RPH,NHT,RPH,5,528.87,autumn,storm,2,10.44,12.49
35,13028,RPH-SNT,RPH,SNT,5,551.22,autumn,storm,2,12.49,12.62
35,13028,SNT-AMP,SNT,AMP,5,577.07,autumn,storm,2,12.62,18.35
35,13028,AMP-BHP,AMP,BHP,5,587.47,autumn,storm,2,18.35,17.56
35,13028,BHP-BWN,BHP,BWN,5,607.76,autumn,storm,2,17.56,23.07
35,13028,BWN-BDC,BWN,BDC,5,689.33,autumn,storm,2,23.07,34.81
35,13028,BDC-HWH,BDC,HWH,5,761.17,autumn,storm,2,34.81,33.61
36,13028,NHT-RPH,NHT,RPH,5,524.51,winter,cloudy,0,10.03,8.76
36,13028,RPH-SNT,RPH,SNT,5,550.98,winter,cloudy,0,8.76,7.84
36,13028,SNT-AMP,SNT,AMP,5,573.98,winter,cloudy,0,7.84,12.07
36,13028,AMP-BHP,AMP,BHP,5,584.4,winter,cloudy,0,12.07,15.77
36,13028,BHP-BWN,BHP,BWN,5,604.91,winter,cloudy,0,15.77,21.15
36,13028,BWN-BDC,BWN,BDC,5,689.97,winter,cloudy,0,21.15,21.67
36,13028,BDC-HWH,BDC,HWH,5,762.4,winter,cloudy,0,21.67,25.35
37,13028,NHT-RPH,NHT,RPH,0,526.47,autumn,storm,0,12.29,16.83
37,13028,RPH-SNT,RPH,SNT,0,552.22,autumn,storm,0,16.83,22.47
37,13028,SNT-AMP,SNT,AMP,0,572.61,autumn,storm,0,22.47,24.63
37,13028,AMP-BHP,AMP,BHP,0,589.03,autumn,storm,0,24.63,33.33
37,13028,BHP-BWN,BHP,BWN,0,608.26,autumn,storm,0,33.33,33.59
37,13028,BWN-BDC,BWN,BDC,0,688.42,autumn,storm,0,33.59,39.25
37,13028,BDC-HWH,BDC,HWH,0,761.16,autumn,storm,0,39.25,47.39
38,13028,NHT-RPH,NHT,RPH,5,525.55,monsoon,rain,1,10.92,13.64
38,13028,RPH-SNT,RPH,SNT,5,552.37,monsoon,rain,1,13.64,14.38
38,13028,SNT-AMP,SNT,AMP,5,575.61,monsoon,rain,1,14.38,18.8
38,13028,AMP-BHP,AMP,BHP,5,590.05,monsoon,rain,1,18.8,19.01
38,13028,BHP-BWN,BHP,BWN,5,604.37,monsoon,rain,1,19.01,23.2
38,13028,BWN-BDC,BWN,BDC,5,689.74,monsoon,rain,1,23.2,28.22
38,13028,BDC-HWH,BDC,HWH,5,757.63,monsoon,rain,1,28.22,33.89
39,13028,NHT-RPH,NHT,RPH,6,528.8,autumn,clear,0,6.56,8.15
39,13028,RPH-SNT,RPH,SNT,6,552.67,autumn,clear,0,8.15,8.26
39,13028,SNT-AMP,SNT,AMP,6,575.41,autumn,clear,0,8.26,8.16
39,13028,AMP-BHP,AMP,BHP,6,590.36,autumn,clear,0,8.16,8.88
39,13028,BHP-BWN,BHP,BWN,6,611.32,autumn,clear,0,8.88,10.69
39,13028,BWN-BDC,BWN,BDC,6,686.53,autumn,clear,0,10.69,9.98
39,13028,BDC-HWH,BDC,HWH,6,760.78,autumn,clear,0,9.98,7.94
40,13028,NHT-RPH,NHT,RPH,5,527.42,autumn,clear,1,0.37,2.8
40,13028,RPH-SNT,RPH,SNT,5,551.13,autumn,clear,1,2.8,7.6
40,13028,SNT-AMP,SNT,AMP,5,579.04,autumn,clear,1,7.6,6.69
40,13028,AMP-BHP,AMP,BHP,5,586.65,autumn,clear,1,6.69,10.22
40,13028,BHP-BWN,BHP,BWN,5,605.29,autumn,clear,1,10.22,11.26
40,13028,BWN-BDC,BWN,BDC,5,689.66,autumn,clear,1,11.26,21.54
40,13028,BDC-HWH,BDC,HWH,5,762.73,autumn,clear,1,21.54,27.96
41,13028,NHT-RPH,NHT,RPH,2,526.93,winter,clear,2,4.43,9.41
41,13028,RPH-SNT,RPH,SNT,2,555.09,winter,clear,2,9.41,15.19
41,13028,SNT-AMP,SNT,AMP,2,577.11,winter,clear,2,15.19,14.65
41,13028,AMP-BHP,AMP,BHP,2,587.82,winter,clear,2,14.65,20.17
41,13028,BHP-BWN,BHP,BWN,2,607.86,winter,clear,2,20.17,25.6
41,13028,BWN-BDC,BWN,BDC,2,693.5,winter,clear,2,25.6,26.6
41,13028,BDC-HWH,BDC,HWH,2,759.44,winter,clear,2,26.6,27.4
42,13028,NHT-RPH,NHT,RPH,2,526.8,autumn,clear,0,17.6,19.13
42,13028,RPH-SNT,RPH,SNT,2,555.4,autumn,clear,0,19.13,21.09
42,13028,SNT-AMP,SNT,AMP,2,575.01,autumn,clear,0,21.09,21.95
42,13028,AMP-BHP,AMP,BHP,2,584.72,autumn,clear,0,21.95,21.01
42,13028,BHP-BWN,BHP,BWN,2,608.18,autumn,clear,0,21.01,22.59
42,13028,BWN-BDC,BWN,BDC,2,687.89,autumn,clear,0,22.59,26.6
42,13028,BDC-HWH,BDC,HWH,2,763.26,autumn,clear,0,26.6,29.78
43,13028,NHT-RPH,NHT,RPH,5,524.99,autumn,clear,3,2.04,5.65
43,13028,RPH-SNT,RPH,SNT,5,549.89,autumn,clear,3,5.65,8.43
43,13028,SNT-AMP,SNT,AMP,5,573.2,autumn,clear,3,8.43,7.01
43,13028,AMP-BHP,AMP,BHP,5,589.02,autumn,clear,3,7.01,6.77
43,13028,BHP-BWN,BHP,BWN,5,605.78,autumn,clear,3,6.77,6.97
43,13028,BWN-BDC,BWN,BDC,5,691.26,autumn,clear,3,6.97,11.83
43,13028,BDC-HWH,BDC,HWH,5,760.77,autumn,clear,3,11.83,14.36
44,13028,NHT-RPH,NHT,RPH,2,523.98,summer,clear,0,7.31,9.43
44,13028,RPH-SNT,RPH,SNT,2,553.32,summer,clear,0,9.43,10.72
44,13028,SNT-AMP,SNT,AMP,2,578.25,summer,clear,0,10.72,14.0
44,13028,AMP-BHP,AMP,BHP,2,586.96,summer,clear,0,14.0,20.95
44,13028,BHP-BWN,BHP,BWN,2,608.51,summer,clear,0,20.95,26.0
44,13028,BWN-BDC,BWN,BDC,2,691.3,summer,clear,0,26.0,35.94
44,13028,BDC-HWH,BDC,HWH,2,763.22,summer,clear,0,35.94,35.17
45,13028,NHT-RPH,NHT,RPH,0,529.65,monsoon,rain,1,6.99,13.39
45,13028,RPH-SNT,RPH,SNT,0,552.87,monsoon,rain,1,13.39,15.76
45,13028,SNT-AMP,SNT,AMP,0,572.38,monsoon,rain,1,15.76,20.51
45,13028,AMP-BHP,AMP,BHP,0,585.89,monsoon,rain,1,20.51,24.08
45,13028,BHP-BWN,BHP,BWN,0,610.41,monsoon,rain,1,24.08,30.21
45,13028,BWN-BDC,BWN,BDC,0,688.3,monsoon,rain,1,30.21,36.37
45,13028,BDC-HWH,BDC,HWH,0,763.32,monsoon,rain,1,36.37,41.92
46,13028,NHT-RPH,NHT,RPH,3,526.98,monsoon,cloudy,3,8.27,11.76
46,13028,RPH-SNT,RPH,SNT,3,552.63,monsoon,cloudy,3,11.76,14.05
46,13028,SNT-AMP,SNT,AMP,3,577.32,monsoon,cloudy,3,14.05,17.84
46,13028,AMP-BHP,AMP,BHP,3,585.94,monsoon,cloudy,3,17.84,20.66
46,13028,BHP-BWN,BHP,BWN,3,607.16,monsoon,cloudy,3,20.66,27.03
46,13028,BWN-BDC,BWN,BDC,3,687.56,monsoon,cloudy,3,27.03,32.02
46,13028,BDC-HWH,BDC,HWH,3,763.63,monsoon,cloudy,3,32.02,38.92
47,13028,NHT-RPH,NHT,RPH,3,527.01,monsoon,clear,2,3.02,6.5
47,13028,RPH-SNT,RPH,SNT,3,550.63,monsoon,clear,2,6.5,8.76
47,13028,SNT-AMP,SNT,AMP,3,576.95,monsoon,clear,2,8.76,10.87
47,13028,AMP-BHP,AMP,BHP,3,585.35,monsoon,clear,2,10.87,12.48
47,13028,BHP-BWN,BHP,BWN,3,607.43,monsoon,clear,2,12.48,19.9
47,13028,BWN-BDC,BWN,BDC,3,689.1,monsoon,clear,2,19.9,26.97
47,13028,BDC-HWH,BDC,HWH,3,761.32,monsoon,clear,2,26.97,26.1
48,13028,NHT-RPH,NHT,RPH,4,525.04,summer,clear,1,3.01,9.79
48,13028,RPH-SNT,RPH,SNT,4,554.55,summer,clear,1,9.79,15.03
48,13028,SNT-AMP,SNT,AMP,4,574.91,summer,clear,1,15.03,17.1
48,13028,AMP-BHP,AMP,BHP,4,587.03,summer,clear,1,17.1,13.34
48,13028,BHP-BWN,BHP,BWN,4,608.06,summer,clear,1,13.34,15.66
48,13028,BWN-BDC,BWN,BDC,4,690.64,summer,clear,1,15.66,22.97
48,13028,BDC-HWH,BDC,HWH,4,763.56,summer,clear,1,22.97,31.1
49,13028,NHT-RPH,NHT,RPH,0,526.67,winter,clear,1,11.77,13.52
49,13028,RPH-SNT,RPH,SNT,0,552.82,winter,clear,1,13.52,15.19
49,13028,SNT-AMP,SNT,AMP,0,571.96,winter,clear,1,15.19,20.17
49,13028,AMP-BHP,AMP,BHP,0,586.48,winter,clear,1,20.17,21.01
49,13028,BHP-BWN,BHP,BWN,0,606.13,winter,clear,1,21.01,27.69
49,13028,BWN-BDC,BWN,BDC,0,689.98,winter,clear,1,27.69,33.6
49,13028,BDC-HWH,BDC,HWH,0,765.02,winter,clear,1,33.6,39.64
50,13028,NHT-RPH,NHT,RPH,0,523.24,autumn,clear,0,12.53,13.87
50,13028,RPH-SNT,RPH,SNT,0,553.12,autumn,clear,0,13.87,15.23
50,13028,SNT-AMP,SNT,AMP,0,575.07,autumn,clear,0,15.23,17.46
50,13028,AMP-BHP,AMP,BHP,0,587.4,autumn,clear,0,17.46,17.31
50,13028,BHP-BWN,BHP,BWN,0,604.75,autumn,clear,0,17.31,18.98
50,13028,BWN-BDC,BWN,BDC,0,686.51,autumn,clear,0,18.98,24.07
50,13028,BDC-HWH,BDC,HWH,0,764.56,autumn,clear,0,24.07,28.33
51,13028,NHT-RPH,NHT,RPH,2,526.18,autumn,clear,1,1.44,4.63
51,13028,RPH-SNT,RPH,SNT,2,549.36,autumn,clear,1,4.63,11.56
51,13028,SNT-AMP,SNT,AMP,2,572.7,autumn,clear,1,11.56,12.52
51,13028,AMP-BHP,AMP,BHP,2,592.83,autumn,clear,1,12.52,11.97
51,13028,BHP-BWN,BHP,BWN,2,608.74,autumn,clear,1,11.97,16.77
51,13028,BWN-BDC,BWN,BDC,2,686.48,autumn,clear,1,16.77,20.85
51,13028,BDC-HWH,BDC,HWH,2,763.82,autumn,clear,1,20.85,23.34
52,13028,NHT-RPH,NHT,RPH,3,525.46,autumn,clear,3,10.02,11.38
52,13028,RPH-SNT,RPH,SNT,3,548.33,autumn,clear,3,11.38,10.89
52,13028,SNT-AMP,SNT,AMP,3,577.14,autumn,clear,3,10.89,14.15
52,13028,AMP-BHP,AMP,BHP,3,593.43,autumn,clear,3,14.15,17.24
52,13028,BHP-BWN,BHP,BWN,3,604.64,autumn,clear,3,17.24,20.93
52,13028,BWN-BDC,BWN,BDC,3,688.71,autumn,clear,3,20.93,26.39
52,13028,BDC-HWH,BDC,HWH,3,763.23,autumn,clear,3,26.39,25.31
53,13028,NHT-RPH,NHT,RPH,6,524.79,summer,clear,4,9.12,7.37
53,13028,RPH-SNT,RPH,SNT,6,551.28,summer,clear,4,7.37,15.36
53,13028,SNT-AMP,SNT,AMP,6,573.98,summer,clear,4,15.36,18.75
53,13028,AMP-BHP,AMP,BHP,6,585.79,summer,clear,4,18.75,24.83
53,13028,BHP-BWN,BHP,BWN,6,608.81,summer,clear,4,24.83,25.72
53,13028,BWN-BDC,BWN,BDC,6,690.48,summer,clear,4,25.72,33.66
53,13028,BDC-HWH,BDC,HWH,6,763.08,summer,clear,4,33.66,39.03
54,13028,NHT-RPH,NHT,RPH,3,529.2,summer,clear,0,3.92,6.17
54,13028,RPH-SNT,RPH,SNT,3,549.68,summer,clear,0,6.17,8.36
54,13028,SNT-AMP,SNT,AMP,3,571.81,summer,clear,0,8.36,10.07
54,13028,AMP-BHP,AMP,BHP,3,587.19,summer,clear,0,10.07,14.29
54,13028,BHP-BWN,BHP,BWN,3,607.88,summer,clear,0,14.29,18.73
54,13028,BWN-BDC,BWN,BDC,3,690.04,summer,clear,0,18.73,15.91
54,13028,BDC-HWH,BDC,HWH,3,760.71,summer,clear,0,15.91,18.64
55,13028,NHT-RPH,NHT,RPH,0,525.31,autumn,cloudy,0,0.0,4.23
55,13028,RPH-SNT,RPH,SNT,0,554.39,autumn,cloudy,0,4.23,10.57
55,13028,SNT-AMP,SNT,AMP,0,578.87,autumn,cloudy,0,10.57,12.91
55,13028,AMP-BHP,AMP,BHP,0,588.27,autumn,cloudy,0,12.91,14.9
55,13028,BHP-BWN,BHP,BWN,0,606.25,autumn,cloudy,0,14.9,17.61
55,13028,BWN-BDC,BWN,BDC,0,687.08,autumn,cloudy,0,17.61,26.31
55,13028,BDC-HWH,BDC,HWH,0,760.35,autumn,cloudy,0,26.31,33.42
56,13028,NHT-RPH,NHT,RPH,6,529.27,autumn,clear,3,3.66,7.47
56,13028,RPH-SNT,RPH,SNT,6,550.37,autumn,clear,3,7.47,8.89
56,13028,SNT-AMP,SNT,AMP,6,575.61,autumn,clear,3,8.89,7.5
56,13028,AMP-BHP,AMP,BHP,6,586.09,autumn,clear,3,7.5,7.71
56,13028,BHP-BWN,BHP,BWN,6,607.02,autumn,clear,3,7.71,12.31
56,13028,BWN-BDC,BWN,BDC,6,688.43,autumn,clear,3,12.31,19.75
56,13028,BDC-HWH,BDC,HWH,6,760.48,autumn,clear,3,19.75,21.55
57,13028,NHT-RPH,NHT,RPH,0,525.75,winter,clear,0,5.89,5.22
57,13028,RPH-SNT,RPH,SNT,0,549.35,winter,clear,0,5.22,11.85
57,13028,SNT-AMP,SNT,AMP,0,572.55,winter,clear,0,11.85,13.81
57,13028,AMP-BHP,AMP,BHP,0,588.92,winter,clear,0,13.81,17.18
57,13028,BHP-BWN,BHP,BWN,0,605.38,winter,clear,0,17.18,19.62
57,13028,BWN-BDC,BWN,BDC,0,688.7,winter,clear,0,19.62,25.39
57,13028,BDC-HWH,BDC,HWH,0,763.81,winter,clear,0,25.39,20.19
58,13028,NHT-RPH,NHT,RPH,6,525.53,winter,cloudy,2,5.14,7.62
58,13028,RPH-SNT,RPH,SNT,6,551.72,winter,cloudy,2,7.62,12.93
58,13028,SNT-AMP,SNT,AMP,6,574.2,winter,cloudy,2,12.93,9.11
58,13028,AMP-BHP,AMP,BHP,6,591.48,winter,cloudy,2,9.11,9.61
58,13028,BHP-BWN,BHP,BWN,6,607.14,winter,cloudy,2,9.61,12.64
58,13028,BWN-BDC,BWN,BDC,6,687.27,winter,cloudy,2,12.64,20.93
58,13028,BDC-HWH,BDC,HWH,6,761.25,winter,cloudy,2,20.93,30.72
59,13028,NHT-RPH,NHT,RPH,3,528.28,monsoon,clear,1,13.87,15.83
59,13028,RPH-SNT,RPH,SNT,3,551.39,monsoon,clear,1,15.83,16.39
59,13028,SNT-AMP,SNT,AMP,3,578.27,monsoon,clear,1,16.39,24.44
59,13028,AMP-BHP,AMP,BHP,3,587.82,monsoon,clear,1,24.44,23.54
59,13028,BHP-BWN,BHP,BWN,3,608.09,monsoon,clear,1,23.54,28.02
59,13028,BWN-BDC,BWN,BDC,3,686.33,monsoon,clear,1,28.02,36.49
59,13028,BDC-HWH,BDC,HWH,3,762.82,monsoon,clear,1,36.49,41.33
60,13028,NHT-RPH,NHT,RPH,5,526.09,autumn,clear,5,5.48,7.32
60,13028,RPH-SNT,RPH,SNT,5,552.64,autumn,clear,5,7.32,10.02
60,13028,SNT-AMP,SNT,AMP,5,576.12,autumn,clear,5,10.02,12.47
60,13028,AMP-BHP,AMP,BHP,5,588.15,autumn,clear,5,12.47,13.44
60,13028,BHP-BWN,BHP,BWN,5,610.86,autumn,clear,5,13.44,12.78
60,13028,BWN-BDC,BWN,BDC,5,692.31,autumn,clear,5,12.78,18.04
60,13028,BDC-HWH,BDC,HWH,5,761.11,autumn,clear,5,18.04,23.74
61,13028,NHT-RPH,NHT,RPH,5,528.03,autumn,rain,5,3.58,4.09
61,13028,RPH-SNT,RPH,SNT,5,549.96,autumn,rain,5,4.09,12.35
61,13028,SNT-AMP,SNT,AMP,5,578.92,autumn,rain,5,12.35,12.82
61,13028,AMP-BHP,AMP,BHP,5,585.23,autumn,rain,5,12.82,13.89
61,13028,BHP-BWN,BHP,BWN,5,610.94,autumn,rain,5,13.89,13.12
61,13028,BWN-BDC,BWN,BDC,5,688.47,autumn,rain,5,13.12,23.98
61,13028,BDC-HWH,BDC,HWH,5,762.77,autumn,rain,5,23.98,30.17
62,13028,NHT-RPH,NHT,RPH,2,529.04,winter,clear,0,6.08,10.34
62,13028,RPH-SNT,RPH,SNT,2,552.96,winter,clear,0,10.34,9.49
62,13028,SNT-AMP,SNT,AMP,2,579.92,winter,clear,0,9.49,11.81
62,13028,AMP-BHP,AMP,BHP,2,584.71,winter,clear,0,11.81,12.94
62,13028,BHP-BWN,BHP,BWN,2,604.31,winter,clear,0,12.94,9.0
62,13028,BWN-BDC,BWN,BDC,2,686.03,winter,clear,0,9.0,20.57
62,13028,BDC-HWH,BDC,HWH,2,760.63,winter,clear,0,20.57,21.55
63,13028,NHT-RPH,NHT,RPH,1,524.96,monsoon,clear,2,0.0,3.11
63,13028,RPH-SNT,RPH,SNT,1,552.66,monsoon,clear,2,3.11,8.12
63,13028,SNT-AMP,SNT,AMP,1,571.93,monsoon,clear,2,8.12,11.76
63,13028,AMP-BHP,AMP,BHP,1,587.89,monsoon,clear,2,11.76,13.86
63,13028,BHP-BWN,BHP,BWN,1,609.29,monsoon,clear,2,13.86,18.97
63,13028,BWN-BDC,BWN,BDC,1,688.26,monsoon,clear,2,18.97,21.75
63,13028,BDC-HWH,BDC,HWH,1,761.61,monsoon,clear,2,21.75,26.59
64,13028,NHT-RPH,NHT,RPH,2,526.51,autumn,clear,0,3.02,6.73
64,13028,RPH-SNT,RPH,SNT,2,549.32,autumn,clear,0,6.73,9.92
64,13028,SNT-AMP,SNT,AMP,2,570.04,autumn,clear,0,9.92,14.25
64,13028,AMP-BHP,AMP,BHP,2,588.2,autumn,clear,0,14.25,16.84
64,13028,BHP-BWN,BHP,BWN,2,606.02,autumn,clear,0,16.84,14.95
64,13028,BWN-BDC,BWN,BDC,2,687.84,autumn,clear,0,14.95,23.03
64,13028,BDC-HWH,BDC,HWH,2,757.79,autumn,clear,0,23.03,22.5
65,13028,NHT-RPH,NHT,RPH,5,528.36,winter,clear,3,6.85,12.14
65,13028,RPH-SNT,RPH,SNT,5,551.99,winter,clear,3,12.14,14.52
65,13028,SNT-AMP,SNT,AMP,5,575.32,winter,clear,3,14.52,16.08
65,13028,AMP-BHP,AMP,BHP,5,587.31,winter,clear,3,16.08,17.68
65,13028,BHP-BWN,BHP,BWN,5,604.57,winter,clear,3,17.68,25.63
65,13028,BWN-BDC,BWN,BDC,5,689.39,winter,clear,3,25.63,27.2
65,13028,BDC-HWH,BDC,HWH,5,761.77,winter,clear,3,27.2,28.69
66,13028,NHT-RPH,NHT,RPH,2,527.54,winter,clear,0,6.64,9.01
66,13028,RPH-SNT,RPH,SNT,2,553.72,winter,clear,0,9.01,11.24
66,13028,SNT-AMP,SNT,AMP,2,573.38,winter,clear,0,11.24,9.66
66,13028,AMP-BHP,AMP,BHP,2,585.88,winter,clear,0,9.66,15.12
66,13028,BHP-BWN,BHP,BWN,2,604.21,winter,clear,0,15.12,18.89
66,13028,BWN-BDC,BWN,BDC,2,687.72,winter,clear,0,18.89,25.07
66,13028,BDC-HWH,BDC,HWH,2,760.97,winter,clear,0,25.07,23.9
67,13028,NHT-RPH,NHT,RPH,0,528.19,autumn,cloudy,1,0.0,-0.32
67,13028,RPH-SNT,RPH,SNT,0,552.9,autumn,cloudy,1,-0.32,5.6
67,13028,SNT-AMP,SNT,AMP,0,576.45,autumn,cloudy,1,5.6,8.04
67,13028,AMP-BHP,AMP,BHP,0,587.2,autumn,cloudy,1,8.04,10.23
67,13028,BHP-BWN,BHP,BWN,0,608.66,autumn,cloudy,1,10.23,18.57
67,13028,BWN-BDC,BWN,BDC,0,688.81,autumn,cloudy,1,18.57,21.39
67,13028,BDC-HWH,BDC,HWH,0,759.06,autumn,cloudy,1,21.39,28.46
68,13028,NHT-RPH,NHT,RPH,2,523.32,monsoon,clear,2,0.0,2.9
68,13028,RPH-SNT,RPH,SNT,2,552.87,monsoon,clear,2,2.9,3.44
68,13028,SNT-AMP,SNT,AMP,2,574.95,monsoon,clear,2,3.44,7.35
68,13028,AMP-BHP,AMP,BHP,2,587.66,monsoon,clear,2,7.35,11.47
68,13028,BHP-BWN,BHP,BWN,2,603.97,monsoon,clear,2,11.47,15.73
68,13028,BWN-BDC,BWN,BDC,2,689.13,monsoon,clear,2,15.73,21.41
68,13028,BDC-HWH,BDC,HWH,2,763.39,monsoon,clear,2,21.41,23.68
69,13028,NHT-RPH,NHT,RPH,3,528.42,winter,clear,3,3.66,7.9
69,13028,RPH-SNT,RPH,SNT,3,550.14,winter,clear,3,7.9,15.2
69,13028,SNT-AMP,SNT,AMP,3,572.29,winter,clear,3,15.2,19.63
69,13028,AMP-BHP,AMP,BHP,3,586.59,winter,clear,3,19.63,21.59
69,13028,BHP-BWN,BHP,BWN,3,609.14,winter,clear,3,21.59,27.28
69,13028,BWN-BDC,BWN,BDC,3,690.76,winter,clear,3,27.28,33.01
69,13028,BDC-HWH,BDC,HWH,3,763.42,winter,clear,3,33.01,35.32
70,13028,NHT-RPH,NHT,RPH,1,527.86,summer,clear,1,0.0,4.26
70,13028,RPH-SNT,RPH,SNT,1,548.53,summer,clear,1,4.26,6.58
70,13028,SNT-AMP,SNT,AMP,1,574.07,summer,clear,1,6.58,10.97
70,13028,AMP-BHP,AMP,BHP,1,586.13,summer,clear,1,10.97,13.69
70,13028,BHP-BWN,BHP,BWN,1,603.55,summer,clear,1,13.69,17.17
70,13028,BWN-BDC,BWN,BDC,1,691.24,summer,clear,1,17.17,22.81
70,13028,BDC-HWH,BDC,HWH,1,760.68,summer,clear,1,22.81,28.95
71,13028,NHT-RPH,NHT,RPH,4,524.24,autumn,cloudy,0,0.0,3.69
71,13028,RPH-SNT,RPH,SNT,4,554.48,autumn,cloudy,0,3.69,9.7
71,13028,SNT-AMP,SNT,AMP,4,576.16,autumn,cloudy,0,9.7,10.83
71,13028,AMP-BHP,AMP,BHP,4,586.84,autumn,cloudy,0,10.83,13.65
71,13028,BHP-BWN,BHP,BWN,4,605.52,autumn,cloudy,0,13.65,20.8
71,13028,BWN-BDC,BWN,BDC,4,686.87,autumn,cloudy,0,20.8,20.88
71,13028,BDC-HWH,BDC,HWH,4,762.68,autumn,cloudy,0,20.88,22.61
72,13028,NHT-RPH,NHT,RPH,6,530.48,autumn,clear,0,5.96,4.84
72,13028,RPH-SNT,RPH,SNT,6,553.47,autumn,clear,0,4.84,7.48
72,13028,SNT-AMP,SNT,AMP,6,575.56,autumn,clear,0,7.48,8.41
72,13028,AMP-BHP,AMP,BHP,6,584.17,autumn,clear,0,8.41,7.68
72,13028,BHP-BWN,BHP,BWN,6,608.19,autumn,clear,0,7.68,9.67
72,13028,BWN-BDC,BWN,BDC,6,689.37,autumn,clear,0,9.67,16.69
72,13028,BDC-HWH,BDC,HWH,6,763.86,autumn,clear,0,16.69,20.41
73,13028,NHT-RPH,NHT,RPH,6,526.94,winter,clear,1,8.06,5.67
73,13028,RPH-SNT,RPH,SNT,6,552.71,winter,clear,1,5.67,8.75
73,13028,SNT-AMP,SNT,AMP,6,573.33,winter,clear,1,8.75,12.74
73,13028,AMP-BHP,AMP,BHP,6,589.88,winter,clear,1,12.74,10.51
73,13028,BHP-BWN,BHP,BWN,6,604.4,winter,clear,1,10.51,14.17
73,13028,BWN-BDC,BWN,BDC,6,692.63,winter,clear,1,14.17,21.3
73,13028,BDC-HWH,BDC,HWH,6,767.39,winter,clear,1,21.3,20.77
74,13028,NHT-RPH,NHT,RPH,4,528.78,winter,rain,1,5.03,8.59
74,13028,RPH-SNT,RPH,SNT,4,551.59,winter,rain,1,8.59,13.81
74,13028,SNT-AMP,SNT,AMP,4,578.39,winter,rain,1,13.81,17.93
74,13028,AMP-BHP,AMP,BHP,4,588.7,winter,rain,1,17.93,22.28
74,13028,BHP-BWN,BHP,BWN,4,605.73,winter,rain,1,22.28,27.58
74,13028,BWN-BDC,BWN,BDC,4,687.79,winter,rain,1,27.58,31.5
74,13028,BDC-HWH,BDC,HWH,4,761.85,winter,rain,1,31.5,33.97
75,13028,NHT-RPH,NHT,RPH,1,527.43,winter,clear,0,0.0,5.34
75,13028,RPH-SNT,RPH,SNT,1,553.06,winter,clear,0,5.34,7.63
75,13028,SNT-AMP,SNT,AMP,1,575.48,winter,clear,0,7.63,8.23
75,13028,AMP-BHP,AMP,BHP,1,588.96,winter,clear,0,8.23,8.25
75,13028,BHP-BWN,BHP,BWN,1,606.99,winter,clear,0,8.25,17.78
75,13028,BWN-BDC,BWN,BDC,1,686.06,winter,clear,0,17.78,25.43
75,13028,BDC-HWH,BDC,HWH,1,762.1,winter,clear,0,25.43,24.82
76,13028,NHT-RPH,NHT,RPH,4,531.69,summer,rain,3,2.73,8.67
76,13028,RPH-SNT,RPH,SNT,4,552.07,summer,rain,3,8.67,15.63
76,13028,SNT-AMP,SNT,AMP,4,574.15,summer,rain,3,15.63,19.96
76,13028,AMP-BHP,AMP,BHP,4,591.36,summer,rain,3,19.96,21.55
76,13028,BHP-BWN,BHP,BWN,4,608.85,summer,rain,3,21.55,28.68
76,13028,BWN-BDC,BWN,BDC,4,684.8,summer,rain,3,28.68,33.0
76,13028,BDC-HWH,BDC,HWH,4,763.03,summer,rain,3,33.0,37.17
77,13028,NHT-RPH,NHT,RPH,1,524.64,summer,clear,1,1.16,4.77
77,13028,RPH-SNT,RPH,SNT,1,547.9,summer,clear,1,4.77,8.21
77,13028,SNT-AMP,SNT,AMP,1,573.69,summer,clear,1,8.21,12.59
77,13028,AMP-BHP,AMP,BHP,1,586.1,summer,clear,1,12.59,11.94
77,13028,BHP-BWN,BHP,BWN,1,605.42,summer,clear,1,11.94,16.5
77,13028,BWN-BDC,BWN,BDC,1,684.6,summer,clear,1,16.5,25.04
77,13028,BDC-HWH,BDC,HWH,1,760.88,summer,clear,1,25.04,27.59
78,13028,NHT-RPH,NHT,RPH,3,529.65,autumn,rain,1,5.89,9.35
78,13028,RPH-SNT,RPH,SNT,3,548.88,autumn,rain,1,9.35,10.09
78,13028,SNT-AMP,SNT,AMP,3,574.07,autumn,rain,1,10.09,14.32
78,13028,AMP-BHP,AMP,BHP,3,586.61,autumn,rain,1,14.32,16.05
78,13028,BHP-BWN,BHP,BWN,3,608.69,autumn,rain,1,16.05,19.72
78,13028,BWN-BDC,BWN,BDC,3,690.67,autumn,rain,1,19.72,27.87
78,13028,BDC-HWH,BDC,HWH,3,761.2,autumn,rain,1,27.87,32.51
79,13028,NHT-RPH,NHT,RPH,3,526.2,summer,rain,0,12.24,17.15
79,13028,RPH-SNT,RPH,SNT,3,550.11,summer,rain,0,17.15,21.02
79,13028,SNT-AMP,SNT,AMP,3,572.13,summer,rain,0,21.02,21.73
79,13028,AMP-BHP,AMP,BHP,3,591.21,summer,rain,0,21.73,24.64
79,13028,BHP-BWN,BHP,BWN,3,601.74,summer,rain,0,24.64,34.14
79,13028,BWN-BDC,BWN,BDC,3,687.52,summer,rain,0,34.14,33.76
79,13028,BDC-HWH,BDC,HWH,3,762.66,summer,rain,0,33.76,37.44
80,13028,NHT-RPH,NHT,RPH,6,525.16,autumn,rain,3,7.42,8.7
80,13028,RPH-SNT,RPH,SNT,6,552.15,autumn,rain,3,8.7,12.81
80,13028,SNT-AMP,SNT,AMP,6,574.74,autumn,rain,3,12.81,13.35
80,13028,AMP-BHP,AMP,BHP,6,591.56,autumn,rain,3,13.35,15.87
80,13028,BHP-BWN,BHP,BWN,6,606.6,autumn,rain,3,15.87,14.99
80,13028,BWN-BDC,BWN,BDC,6,687.7,autumn,rain,3,14.99,18.11
80,13028,BDC-HWH,BDC,HWH,6,762.2,autumn,rain,3,18.11,24.27
81,13028,NHT-RPH,NHT,RPH,3,527.71,winter,cloudy,0,6.99,7.75
81,13028,RPH-SNT,RPH,SNT,3,549.33,winter,cloudy,0,7.75,6.55
81,13028,SNT-AMP,SNT,AMP,3,574.24,winter,cloudy,0,6.55,8.24
81,13028,AMP-BHP,AMP,BHP,3,586.26,winter,cloudy,0,8.24,12.19
81,13028,BHP-BWN,BHP,BWN,3,611.28,winter,cloudy,0,12.19,17.32
81,13028,BWN-BDC,BWN,BDC,3,687.31,winter,cloudy,0,17.32,18.88
81,13028,BDC-HWH,BDC,HWH,3,760.73,winter,cloudy,0,18.88,21.74
82,13028,NHT-RPH,NHT,RPH,4,529.45,autumn,clear,2,2.24,5.4
82,13028,RPH-SNT,RPH,SNT,4,553.4,autumn,clear,2,5.4,8.91
82,13028,SNT-AMP,SNT,AMP,4,578.59,autumn,clear,2,8.91,11.89
82,13028,AMP-BHP,AMP,BHP,4,586.43,autumn,clear,2,11.89,13.0
82,13028,BHP-BWN,BHP,BWN,4,608.44,autumn,clear,2,13.0,17.4
82,13028,BWN-BDC,BWN,BDC,4,689.73,autumn,clear,2,17.4,25.62
82,13028,BDC-HWH,BDC,HWH,4,762.98,autumn,clear,2,25.62,30.19
83,13028,NHT-RPH,NHT,RPH,2,524.77,autumn,clear,4,0.0,3.63
83,13028,RPH-SNT,RPH,SNT,2,550.95,autumn,clear,4,3.63,7.25
83,13028,SNT-AMP,SNT,AMP,2,577.68,autumn,clear,4,7.25,10.25
83,13028,AMP-BHP,AMP,BHP,2,592.62,autumn,clear,4,10.25,12.65
83,13028,BHP-BWN,BHP,BWN,2,607.41,autumn,clear,4,12.65,18.91
83,13028,BWN-BDC,BWN,BDC,2,691.99,autumn,clear,4,18.91,26.38
83,13028,BDC-HWH,BDC,HWH,2,760.41,autumn,clear,4,26.38,27.34
84,13028,NHT-RPH,NHT,RPH,0,529.75,summer,clear,1,5.07,5.89
84,13028,RPH-SNT,RPH,SNT,0,551.45,summer,clear,1,5.89,11.1
84,13028,SNT-AMP,SNT,AMP,0,575.41,summer,clear,1,11.1,12.56
84,13028,AMP-BHP,AMP,BHP,0,587.47,summer,clear,1,12.56,14.95
84,13028,BHP-BWN,BHP,BWN,0,608.35,summer,clear,1,14.95,17.23
84,13028,BWN-BDC,BWN,BDC,0,690.03,summer,clear,1,17.23,22.61
84,13028,BDC-HWH,BDC,HWH,0,762.55,summer,clear,1,22.61,24.8
85,13028,NHT-RPH,NHT,RPH,0,527.02,monsoon,clear,2,1.13,2.97
85,13028,RPH-SNT,RPH,SNT,0,551.82,monsoon,clear,2,2.97,7.39
85,13028,SNT-AMP,SNT,AMP,0,573.55,monsoon,clear,2,7.39,13.27
85,13028,AMP-BHP,AMP,BHP,0,586.75,monsoon,clear,2,13.27,16.97
85,13028,BHP-BWN,BHP,BWN,0,606.8,monsoon,clear,2,16.97,20.84
85,13028,BWN-BDC,BWN,BDC,0,690.86,monsoon,clear,2,20.84,29.12
85,13028,BDC-HWH,BDC,HWH,0,765.35,monsoon,clear,2,29.12,32.27
86,13028,NHT-RPH,NHT,RPH,3,523.9,summer,clear,1,7.13,10.07
86,13028,RPH-SNT,RPH,SNT,3,554.04,summer,clear,1,10.07,14.99
86,13028,SNT-AMP,SNT,AMP,3,571.53,summer,clear,1,14.99,16.69
86,13028,AMP-BHP,AMP,BHP,3,587.15,summer,clear,1,16.69,19.69
86,13028,BHP-BWN,BHP,BWN,3,607.36,summer,clear,1,19.69,20.74
86,13028,BWN-BDC,BWN,BDC,3,690.52,summer,clear,1,20.74,24.91
86,13028,BDC-HWH,BDC,HWH,3,763.45,summer,clear,1,24.91,30.26
87,13028,NHT-RPH,NHT,RPH,2,526.39,autumn,clear,2,0.0,4.98
87,13028,RPH-SNT,RPH,SNT,2,552.55,autumn,clear,2,4.98,8.02
87,13028,SNT-AMP,SNT,AMP,2,576.9,autumn,clear,2,8.02,10.11
87,13028,AMP-BHP,AMP,BHP,2,589.88,autumn,clear,2,10.11,11.66
87,13028,BHP-BWN,BHP,BWN,2,609.73,autumn,clear,2,11.66,9.58
87,13028,BWN-BDC,BWN,BDC,2,687.65,autumn,clear,2,9.58,17.98
87,13028,BDC-HWH,BDC,HWH,2,761.97,autumn,clear,2,17.98,18.64
88,13028,NHT-RPH,NHT,RPH,3,523.95,winter,cloudy,6,0.91,6.84
88,13028,RPH-SNT,RPH,SNT,3,551.48,winter,cloudy,6,6.84,14.19
88,13028,SNT-AMP,SNT,AMP,3,576.48,winter,cloudy,6,14.19,19.12
88,13028,AMP-BHP,AMP,BHP,3,589.41,winter,cloudy,6,19.12,23.14
88,13028,BHP-BWN,BHP,BWN,3,609.13,winter,cloudy,6,23.14,30.29
88,13028,BWN-BDC,BWN,BDC,3,690.38,winter,cloudy,6,30.29,32.69
88,13028,BDC-HWH,BDC,HWH,3,760.99,winter,cloudy,6,32.69,33.21
89,13028,NHT-RPH,NHT,RPH,6,525.08,monsoon,clear,2,7.79,12.75
89,13028,RPH-SNT,RPH,SNT,6,554.1,monsoon,clear,2,12.75,12.66
89,13028,SNT-AMP,SNT,AMP,6,577.66,monsoon,clear,2,12.66,13.89
89,13028,AMP-BHP,AMP,BHP,6,585.88,monsoon,clear,2,13.89,15.96
89,13028,BHP-BWN,BHP,BWN,6,603.9,monsoon,clear,2,15.96,17.8
89,13028,BWN-BDC,BWN,BDC,6,687.5,monsoon,clear,2,17.8,20.18
89,13028,BDC-HWH,BDC,HWH,6,764.67,monsoon,clear,2,20.18,25.42
90,13028,NHT-RPH,NHT,RPH,0,526.54,monsoon,clear,0,4.37,5.97
90,13028,RPH-SNT,RPH,SNT,0,551.69,monsoon,clear,0,5.97,13.48
90,13028,SNT-AMP,SNT,AMP,0,575.08,monsoon,clear,0,13.48,15.63
90,13028,AMP-BHP,AMP,BHP,0,586.58,monsoon,clear,0,15.63,12.73
90,13028,BHP-BWN,BHP,BWN,0,608.15,monsoon,clear,0,12.73,14.28
90,13028,BWN-BDC,BWN,BDC,0,688.81,monsoon,clear,0,14.28,21.25
90,13028,BDC-HWH,BDC,HWH,0,761.03,monsoon,clear,0,21.25,23.01
91,13028,NHT-RPH,NHT,RPH,3,525.05,winter,cloudy,2,3.46,6.61
91,13028,RPH-SNT,RPH,SNT,3,553.32,winter,cloudy,2,6.61,9.09
91,13028,SNT-AMP,SNT,AMP,3,575.97,winter,cloudy,2,9.09,14.64
91,13028,AMP-BHP,AMP,BHP,3,589.18,winter,cloudy,2,14.64,18.97
91,13028,BHP-BWN,BHP,BWN,3,606.37,winter,cloudy,2,18.97,26.56
91,13028,BWN-BDC,BWN,BDC,3,686.77,winter,cloudy,2,26.56,34.59
91,13028,BDC-HWH,BDC,HWH,3,760.7,winter,cloudy,2,34.59,37.73
92,13028,NHT-RPH,NHT,RPH,3,528.2,winter,cloudy,2,9.08,8.39
92,13028,RPH-SNT,RPH,SNT,3,546.81,winter,cloudy,2,8.39,13.03
92,13028,SNT-AMP,SNT,AMP,3,573.85,winter,cloudy,2,13.03,15.18
92,13028,AMP-BHP,AMP,BHP,3,587.57,winter,cloudy,2,15.18,18.35
92,13028,BHP-BWN,BHP,BWN,3,606.93,winter,cloudy,2,18.35,20.18
92,13028,BWN-BDC,BWN,BDC,3,690.08,winter,cloudy,2,20.18,26.83
92,13028,BDC-HWH,BDC,HWH,3,763.33,winter,cloudy,2,26.83,27.99
93,13028,NHT-RPH,NHT,RPH,4,531.01,winter,clear,2,1.56,8.4
93,13028,RPH-SNT,RPH,SNT,4,549.55,winter,clear,2,8.4,13.23
93,13028,SNT-AMP,SNT,AMP,4,568.98,winter,clear,2,13.23,15.12
93,13028,AMP-BHP,AMP,BHP,4,587.24,winter,clear,2,15.12,18.28
93,13028,BHP-BWN,BHP,BWN,4,608.54,winter,clear,2,18.28,20.91
93,13028,BWN-BDC,BWN,BDC,4,689.82,winter,clear,2,20.91,24.94
93,13028,BDC-HWH,BDC,HWH,4,763.51,winter,clear,2,24.94,31.6
94,13028,NHT-RPH,NHT,RPH,0,528.15,autumn,clear,3,0.46,3.56
94,13028,RPH-SNT,RPH,SNT,0,552.78,autumn,clear,3,3.56,11.21
94,13028,SNT-AMP,SNT,AMP,0,574.69,autumn,clear,3,11.21,16.1
94,13028,AMP-BHP,AMP,BHP,0,589.14,autumn,clear,3,16.1,13.01
94,13028,BHP-BWN,BHP,BWN,0,609.99,autumn,clear,3,13.01,25.94
94,13028,BWN-BDC,BWN,BDC,0,693.11,autumn,clear,3,25.94,32.44
94,13028,BDC-HWH,BDC,HWH,0,761.6,autumn,clear,3,32.44,37.06
95,13028,NHT-RPH,NHT,RPH,6,525.25,summer,cloudy,3,0.0,3.41
95,13028,RPH-SNT,RPH,SNT,6,549.37,summer,cloudy,3,3.41,6.29
95,13028,SNT-AMP,SNT,AMP,6,573.56,summer,cloudy,3,6.29,11.0
95,13028,AMP-BHP,AMP,BHP,6,591.39,summer,cloudy,3,11.0,10.26
95,13028,BHP-BWN,BHP,BWN,6,606.74,summer,cloudy,3,10.26,12.83
95,13028,BWN-BDC,BWN,BDC,6,691.34,summer,cloudy,3,12.83,24.14
95,13028,BDC-HWH,BDC,HWH,6,765.01,summer,cloudy,3,24.14,33.03
96,13028,NHT-RPH,NHT,RPH,3,525.97,monsoon,clear,2,1.77,7.96
96,13028,RPH-SNT,RPH,SNT,3,550.24,monsoon,clear,2,7.96,14.27
96,13028,SNT-AMP,SNT,AMP,3,573.63,monsoon,clear,2,14.27,19.93
96,13028,AMP-BHP,AMP,BHP,3,586.61,monsoon,clear,2,19.93,20.07
96,13028,BHP-BWN,BHP,BWN,3,606.56,monsoon,clear,2,20.07,25.69
96,13028,BWN-BDC,BWN,BDC,3,691.35,monsoon,clear,2,25.69,32.13
96,13028,BDC-HWH,BDC,HWH,3,757.02,monsoon,clear,2,32.13,35.15
97,13028,NHT-RPH,NHT,RPH,1,527.85,autumn,clear,2,2.02,1.91
97,13028,RPH-SNT,RPH,SNT,1,555.95,autumn,clear,2,1.91,6.65
97,13028,SNT-AMP,SNT,AMP,1,574.4,autumn,clear,2,6.65,8.62
97,13028,AMP-BHP,AMP,BHP,1,586.77,autumn,clear,2,8.62,10.79
97,13028,BHP-BWN,BHP,BWN,1,605.98,autumn,clear,2,10.79,15.77
97,13028,BWN-BDC,BWN,BDC,1,687.09,autumn,clear,2,15.77,23.84
97,13028,BDC-HWH,BDC,HWH,1,758.99,autumn,clear,2,23.84,30.93
98,13028,NHT-RPH,NHT,RPH,4,526.9,autumn,cloudy,4,5.98,9.86
98,13028,RPH-SNT,RPH,SNT,4,552.67,autumn,cloudy,4,9.86,10.7
98,13028,SNT-AMP,SNT,AMP,4,573.32,autumn,cloudy,4,10.7,10.21
98,13028,AMP-BHP,AMP,BHP,4,587.89,autumn,cloudy,4,10.21,16.67
98,13028,BHP-BWN,BHP,BWN,4,609.47,autumn,cloudy,4,16.67,16.07
98,13028,BWN-BDC,BWN,BDC,4,687.88,autumn,cloudy,4,16.07,21.81
98,13028,BDC-HWH,BDC,HWH,4,762.36,autumn,cloudy,4,21.81,26.81
99,13028,NHT-RPH,NHT,RPH,2,528.98,winter,clear,0,6.57,7.53
99,13028,RPH-SNT,RPH,SNT,2,554.26,winter,clear,0,7.53,10.17
99,13028,SNT-AMP,SNT,AMP,2,578.65,winter,clear,0,10.17,11.62
99,13028,AMP-BHP,AMP,BHP,2,586.8,winter,clear,0,11.62,11.05
99,13028,BHP-BWN,BHP,BWN,2,605.59,winter,clear,0,11.05,14.83
99,13028,BWN-BDC,BWN,BDC,2,690.96,winter,clear,0,14.83,20.21
99,13028,BDC-HWH,BDC,HWH,2,763.14,winter,clear,0,20.21,25.32
100,13028,NHT-RPH,NHT,RPH,2,527.05,summer,cloudy,2,8.57,11.91
100,13028,RPH-SNT,RPH,SNT,2,554.07,summer,cloudy,2,11.91,15.25
100,13028,SNT-AMP,SNT,AMP,2,576.95,summer,cloudy,2,15.25,18.14
100,13028,AMP-BHP,AMP,BHP,2,584.98,summer,cloudy,2,18.14,22.81
100,13028,BHP-BWN,BHP,BWN,2,601.74,summer,cloudy,2,22.81,24.49
100,13028,BWN-BDC,BWN,BDC,2,691.14,summer,cloudy,2,24.49,28.54
100,13028,BDC-HWH,BDC,HWH,2,763.98,summer,cloudy,2,28.54,37.17
